{
  "vipserver.web.id": {
    "zone": "e305b750127749c9b80f41a9cf4a3a53",
    "apitoken": "miYhd-eMAiUmp9MniS6EsKFXnJ8D4Rofp9-GYHZw"
  },
  "mypanelstore.web.id": {
    "zone": "c61c442d70392500611499c5af816532",
    "apitoken": "gqg5B6_1UQhb72wg4zS1U7AGNbofMYRXT8zFiKZC"
  },
  "privatserver.my.id": {
    "zone": "699bb9eb65046a886399c91daacb1968",
    "apitoken": "KBkS9zIPdG0blhqtPMUjG8z8x8xumauCRuXvY_E1"
  },
  "serverku.biz.id": {
    "zone": "4e4feaba70b41ed78295d2dcc090dd3a",
    "apitoken": "b4YP7XhbliFuqgiXnz3gBvrmXfzgxuKQIkXEJjM7"
  },
  "skyzopedia.xyz": {
    "zone": "4252a8c37f07d26c533683405e22cd3e",
    "apitoken": "OgRcjkpZ0ESvWKHJTmpO7OuNgPSw0H8Et44MIu2Y"
  }
}